2017rank,City,State,2017estimate,2010Census,Change,2016_land_area,2016_Population_Density,CityURL,CityInfo
1,New York City,New York,8398748,8175133,+2.74%,301.5sqmi 780.9km2,"28,317/sqmi 10,933/km2",https://en.wikipedia.org/wiki/New_York_City,"The City of New York, usually called either New York City (NYC) or simply New York (NY), is the most populous city in the United States."
2,Los Angeles,California,3990456,3792621,+5.22%,"468.7sqmi 1,213.9km2","8,484/sqmi 3,276/km2",https://en.wikipedia.org/wiki/Los_Angeles,"Los Angeles ( (listen); Spanish: Los Ángeles), officially the City of Los Angeles and often known by its initials L.A., is the most populous city in California, the second most populous city in the United States, after New York City, and the third most populous city in North America."
3,Chicago,Illinois,2705994,2695598,+0.39%,227.3sqmi 588.7km2,"11,900/sqmi 4,600/km2",https://en.wikipedia.org/wiki/Chicago,"Chicago ( (listen), locally also ), officially the City of Chicago, is the most populous city in Illinois, as well as the third most populous city in the United States."
4,Houston,Texas,2325502,2100263,+10.72%,"637.5sqmi 1,651.1km2","3,613/sqmi 1,395/km2",https://en.wikipedia.org/wiki/Houston,"Houston ( (listen) HEW-stən) is the most populous city in the U.S. state of Texas, fourth most populous city in the United States, as well as the sixth most populous in North America, with an estimated 2018 population of 2,328,419."
6,Philadelphia,Pennsylvania,1584138,1526006,+3.81%,134.2sqmi 347.6km2,"11,683/sqmi 4,511/km2",https://en.wikipedia.org/wiki/Philadelphia,"Philadelphia (Ancient Greek: φίλος ἀδελφός), known colloquially as Philly, is the largest city in the U.S. state and Commonwealth of Pennsylvania, and the sixth-most populous U.S. city, with a 2018 census-estimated population of 1,584,138."
7,San Antonio,Texas,1532233,1327407,+15.43%,"461.0sqmi 1,194.0km2","3,238/sqmi 1,250/km2",https://en.wikipedia.org/wiki/San_Antonio,"San Antonio (; from Spanish, ""Saint Anthony""), officially the City of San Antonio, is the seventh-most populous city in the United States, and the second-most populous city in both Texas and the Southern United States, with more than 1.5 million residents."
8,San Diego,California,1425976,1307402,+9.07%,325.2sqmi 842.3km2,"4,325/sqmi 1,670/km2",https://en.wikipedia.org/wiki/San_Diego,"San Diego (; Spanish for ""Saint Didacus""; Spanish: [san ˈdjeɣo]) is a city in the U.S. state of California."
9,Dallas,Texas,1345047,1197816,+12.29%,340.9sqmi 882.9km2,"3,866/sqmi 1,493/km2",https://en.wikipedia.org/wiki/Dallas,"Dallas (), officially the City of Dallas, is a city in the U.S. state of Texas and the seat of Dallas County, with portions extending into Collin, Denton, Kaufman and Rockwall counties."
10,San Jose,California,1030119,945942,+8.90%,177.5sqmi 459.7km2,"5,777/sqmi 2,231/km2","https://en.wikipedia.org/wiki/San_Jose,_California","San Jose (; Spanish for 'Saint Joseph'; Spanish: [saŋ xoˈse]), officially the City of San José, is the economic, cultural and political center of Silicon Valley, and the largest city in Northern California (both by population and area)."
11,Austin,Texas,964254,790390,+22.00%,312.7sqmi 809.9km2,"3,031/sqmi 1,170/km2","https://en.wikipedia.org/wiki/Austin,_Texas","Austin is the capital of the U.S. state of Texas and the seat of Travis County, with portions extending into Hays and Williamson counties."
12,Jacksonville,Florida,903889,821784,+9.99%,"747.4sqmi 1,935.8km2","1,178/sqmi 455/km2","https://en.wikipedia.org/wiki/Jacksonville,_Florida","Jacksonville is the most populous city in Florida, the most populous city in the southeastern United States and the largest city by area in the contiguous United States."
13,Fort Worth,Texas,895008,741206,+20.75%,342.9sqmi 888.1km2,"2,491/sqmi 962/km2","https://en.wikipedia.org/wiki/Fort_Worth,_Texas",Fort Worth is a city in the U.S. state of Texas.
15,San Francisco,California,883305,805235,+9.70%,46.9sqmi 121.5km2,"18,569/sqmi 7,170/km2",https://en.wikipedia.org/wiki/San_Francisco,"San Francisco (SF; , Spanish: [sam fɾanˈsisko]; Spanish for 'Saint Francis'), officially the City and County of San Francisco, is a city in, and the cultural, commercial, and financial center of, Northern California."
16,Charlotte,North Carolina,872498,731424,+19.29%,305.4sqmi 791.0km2,"2,757/sqmi 1,064/km2","https://en.wikipedia.org/wiki/Charlotte,_North_Carolina",Charlotte () is the most populous city in the U.S. state of North Carolina.
17,Indianapolis,Indiana,867125,820445,+5.69%,361.5sqmi 936.3km2,"2,366/sqmi 914/km2",https://en.wikipedia.org/wiki/Indianapolis,"Indianapolis (), often shortened to Indy, is the state capital and most populous city of the U.S. state of Indiana and the seat of Marion County."
18,Seattle,Washington,744955,608660,+22.39%,83.8sqmi 217.0km2,"8,405/sqmi 3,245/km2",https://en.wikipedia.org/wiki/Seattle,Seattle ( (listen) see-AT-əl) is a seaport city on the West Coast of the United States.
19,Denver,Colorado,716492,600158,+19.38%,153.3sqmi 397.0km2,"4,521/sqmi 1,746/km2",https://en.wikipedia.org/wiki/Denver,"Denver (), officially the City and County of Denver, is the capital and most populous municipality of the U.S. state of Colorado."
20,"Washington, D.C.",District of Columbia,702455,601723,+16.74%,61.1sqmi 158.2km2,"11,148/sqmi 4,304/km2","https://en.wikipedia.org/wiki/Washington,_D.C.","Washington, D.C., formally the District of Columbia and commonly referred to as Washington or D.C., is the capital of the United States."
21,Boston,Massachusetts,694583,617594,+12.47%,48.3sqmi 125.1km2,"13,938/sqmi 5,381/km2",https://en.wikipedia.org/wiki/Boston,Boston is the capital and most populous city of the Commonwealth of Massachusetts in the United States.
22,El Paso,Texas,682669,649121,+5.17%,256.8sqmi 665.1km2,"2,660/sqmi 1,030/km2","https://en.wikipedia.org/wiki/El_Paso,_Texas","El Paso (; from Spanish, ""the pass"") is a city in and the county seat of El Paso County, Texas, United States, in the far western part of the state."
23,Detroit,Michigan,672662,713777,-5.76%,138.8sqmi 359.5km2,"4,847/sqmi 1,871/km2",https://en.wikipedia.org/wiki/Detroit,"Detroit (, locally also ; French: Détroit, lit."
24,Nashville,Tennessee,669053,601222,+11.28%,"475.9sqmi 1,232.6km2","1,388/sqmi 536/km2","https://en.wikipedia.org/wiki/Nashville,_Tennessee",Nashville is the capital and most populous city of the U.S. state of Tennessee.
27,Oklahoma City,Oklahoma,649021,579999,+11.90%,"606.3sqmi 1,570.3km2","1,053/sqmi 407/km2",https://en.wikipedia.org/wiki/Oklahoma_City,"Oklahoma City (), often shortened to OKC, is the capital and largest city of the U.S. state of Oklahoma."
28,Las Vegas,Nevada,644644,583756,+10.43%,134.4sqmi 348.1km2,"4,709/sqmi 1,818/km2",https://en.wikipedia.org/wiki/Las_Vegas,"Las Vegas (, Spanish for ""The Meadows""; Spanish: [laz ˈβeɣas]), officially the City of Las Vegas and often known simply as Vegas, is the 28th-most populated city in the United States, the most populated city in the state of Nevada, and the county seat of Clark County."
29,Louisville,Kentucky,620118,597337,+3.81%,263.5sqmi 682.5km2,"2,339/sqmi 903/km2","https://en.wikipedia.org/wiki/Louisville,_Kentucky","Louisville ( (listen) LOO-ə-vəl,  (listen) LOO-ee-vil,  (listen) LUUV-əl) is the largest city in the Commonwealth of Kentucky and the 29th most-populous city in the United States."
30,Baltimore,Maryland,602495,620961,-2.97%,80.9sqmi 209.5km2,"7,598/sqmi 2,934/km2",https://en.wikipedia.org/wiki/Baltimore,Baltimore () is the largest city in the state of Maryland within the United States.
31,Milwaukee,Wisconsin,592025,594833,-0.47%,96.2sqmi 249.2km2,"6,186/sqmi 2,388/km2",https://en.wikipedia.org/wiki/Milwaukee,"Milwaukee (, locally ) is the largest city in the state of Wisconsin and the fifth-largest city in the Midwestern United States."
32,Albuquerque,New Mexico,560218,545852,+2.63%,188.2sqmi 487.4km2,"2,972/sqmi 1,147/km2","https://en.wikipedia.org/wiki/Albuquerque,_New_Mexico","Albuquerque ( (listen) AL-bə-kur-kee; Navajo: Beeʼeldííl Dahsinil [pèːʔèltíːl tɑ̀xsɪ̀nɪ̀l]; Eastern Keres: Arawageeki; Jemez: Vakêêke; Zuni: Alo:ke:k'ya; Jicarilla Apache: Gołgéeki'yé), also known locally as Duke City and abbreviated as ABQ, is the most populous city in the U.S. state of New Mexico and the 32nd-most populous city in the United States, with a census-estimated population of 558,545 in 2017."
33,Tucson,Arizona,545975,520116,+4.97%,230.8sqmi 597.8km2,"2,299/sqmi 888/km2","https://en.wikipedia.org/wiki/Tucson,_Arizona","Tucson () is a city and the county seat of Pima County, Arizona, United States, and home to the University of Arizona."
34,Fresno,California,530093,494665,+7.16%,114.4sqmi 296.3km2,"4,563/sqmi 1,762/km2","https://en.wikipedia.org/wiki/Fresno,_California","Fresno ( FREZ-noh; Spanish for ""ash tree"") is a city in California, United States, and the county seat of Fresno County."
35,Mesa,Arizona,508958,439041,+15.92%,137.9sqmi 357.2km2,"3,514/sqmi 1,357/km2",https://en.wikipedia.org/wiki/Mesa,"Mesa (Spanish, Portuguese and  Sardinian for table) is the American English term for tableland, an elevated area of land with a flat top and sides that are usually steep cliffs."
36,Sacramento,California,508529,466488,+9.01%,97.9sqmi 253.6km2,"5,059/sqmi 1,953/km2","https://en.wikipedia.org/wiki/Sacramento,_California",Sacramento ( SAK-rə-MEN-toh; Spanish: [sakɾaˈmento]) is the capital city of the U.S. state of California and the seat of Sacramento County.
37,Atlanta,Georgia,498044,420003,+18.58%,133.5sqmi 345.8km2,"3,539/sqmi 1,366/km2",https://en.wikipedia.org/wiki/Atlanta,Atlanta () is the capital and most populous city in the U.S. state of Georgia.
38,Kansas City,Missouri,491918,459787,+6.99%,315.0sqmi 815.8km2,"1,528/sqmi 590/km2",https://en.wikipedia.org/wiki/Kansas_City_metropolitan_area,"The Kansas City metropolitan area is a 14 county metropolitan area anchored by Kansas City, Missouri, and straddling the border between the U.S. states of Missouri and Kansas."
39,Colorado Springs,Colorado,472688,416427,+13.51%,195.6sqmi 506.6km2,"2,378/sqmi 918/km2","https://en.wikipedia.org/wiki/Colorado_Springs,_Colorado","Colorado Springs is a home rule municipality that is the largest city by area in Colorado as well as the county seat and the most populous municipality of El Paso County, Colorado, United States."
40,Miami,Florida,470914,399457,+17.89%,36.0sqmi 93.2km2,"12,599/sqmi 4,865/km2",https://en.wikipedia.org/wiki/Miami,"Miami, officially the City of Miami, is the cultural, economic and financial center of South Florida."
41,Raleigh,North Carolina,469298,403892,+16.19%,145.1sqmi 375.8km2,"3,163/sqmi 1,221/km2","https://en.wikipedia.org/wiki/Raleigh,_North_Carolina",Raleigh (; RAH-lee) is the capital of the state of North Carolina and the seat of Wake County in the United States.
42,Omaha,Nebraska,468262,408958,+14.50%,133.2sqmi 345.0km2,"3,356/sqmi 1,296/km2","https://en.wikipedia.org/wiki/Omaha,_Nebraska",Omaha ( OH-mə-hah) is the largest city in the state of Nebraska and the county seat of Douglas County.
43,Long Beach,California,467354,462257,+1.10%,50.3sqmi 130.3km2,"9,347/sqmi 3,609/km2","https://en.wikipedia.org/wiki/Long_Beach,_California","Long Beach is a city on the Pacific Coast of the United States, within the Los Angeles metropolitan area of Southern California."
44,Virginia Beach,Virginia,450189,437994,+2.78%,244.7sqmi 633.8km2,"1,850/sqmi 710/km2","https://en.wikipedia.org/wiki/Virginia_Beach,_Virginia",Virginia Beach is an independent city located on the southeastern coast of the Commonwealth of Virginia in the United States.
45,Oakland,California,429082,390724,+9.82%,55.9sqmi 144.8km2,"7,514/sqmi 2,901/km2","https://en.wikipedia.org/wiki/Oakland,_California","Oakland is the largest city and the county seat of Alameda County, California, United States."
46,Minneapolis,Minnesota,425403,382578,+11.19%,54.0sqmi 139.9km2,"7,660/sqmi 2,960/km2",https://en.wikipedia.org/wiki/Minneapolis,"Minneapolis ( (listen)) is the county seat of Hennepin County and the larger of the Twin Cities, the 16th-largest metropolitan area in the United States."
47,Tulsa,Oklahoma,400669,391906,+2.24%,196.8sqmi 509.7km2,"2,048/sqmi 791/km2","https://en.wikipedia.org/wiki/Tulsa,_Oklahoma",Tulsa  is the second-largest city in the state of Oklahoma and 45th-most populous city in the United States.
49,Tampa,Florida,392890,335709,+17.03%,113.4sqmi 293.7km2,"3,326/sqmi 1,284/km2","https://en.wikipedia.org/wiki/Tampa,_Florida","Tampa is a major city in, and the county seat of, Hillsborough County, Florida, United States."
50,New Orleans,Louisiana,391006,343829,+13.72%,169.4sqmi 438.7km2,"2,311/sqmi 892/km2",https://en.wikipedia.org/wiki/New_Orleans,"New Orleans (, locally ; French: La Nouvelle-Orléans [la nuvɛlɔʁleɑ̃] (listen)) is a consolidated city-parish located along the Mississippi River in the southeastern region of the U.S. state of Louisiana."
52,Cleveland,Ohio,383793,396815,-3.28%,77.7sqmi 201.2km2,"4,965/sqmi 1,917/km2",https://en.wikipedia.org/wiki/Cleveland,"Cleveland ( KLEEV-lənd) is a major city in the U.S. state of Ohio, and the county seat of Cuyahoga County."
53,Bakersfield,California,383579,347483,+10.39%,148.8sqmi 385.4km2,"2,529/sqmi 976/km2","https://en.wikipedia.org/wiki/Bakersfield,_California","Bakersfield is a city in and the county seat of Kern County, California, United States."
54,Aurora,Colorado,374114,325078,+15.08%,153.5sqmi 397.6km2,"2,356/sqmi 910/km2",https://en.wikipedia.org/wiki/Aurora,"An aurora (plural: auroras or aurorae), sometimes referred to as polar lights, northern lights (aurora borealis), southern lights (aurora australis), is a natural light display in the Earth's sky, predominantly seen in the high-latitude regions (around the Arctic and Antarctic)."
55,Anaheim,California,352005,336265,+4.68%,50.0sqmi 129.5km2,"7,021/sqmi 2,711/km2","https://en.wikipedia.org/wiki/Anaheim,_California","Anaheim () is a city in Orange County, California, part of the Los Angeles metropolitan area."
56,Honolulu,Hawaii,347397,337256,+3.01%,60.5sqmi 156.7km2,"5,815/sqmi 2,245/km2",https://en.wikipedia.org/wiki/Honolulu,Honolulu (; Hawaiian: [honoˈlulu]) is the capital and largest city of the U.S. state of Hawaii.
59,Corpus Christi,Texas,326554,305215,+6.99%,174.6sqmi 452.2km2,"1,866/sqmi 720/km2","https://en.wikipedia.org/wiki/Corpus_Christi,_Texas","Corpus Christi (), colloquially Corpus (Latin: Body of Christ), is a coastal city in the South Texas region of the U.S. state of Texas."
63,Saint Paul,Minnesota,307695,285068,+7.94%,52.0sqmi 134.7km2,"5,815/sqmi 2,245/km2",https://en.wikipedia.org/wiki/Paul_the_Apostle,"Paul the Apostle (Latin: Paulus; Greek: Παῦλος, romanized: Paulos; Coptic: ⲡⲁⲩⲗⲟⲥ; c."
64,St. Louis,Missouri,302838,319294,-5.15%,62.0sqmi 160.6km2,"5,023/sqmi 1,939/km2",https://en.wikipedia.org/wiki/St._Louis,St.
65,Cincinnati,Ohio,302605,296943,+1.91%,77.4sqmi 200.5km2,"3,860/sqmi 1,490/km2",https://en.wikipedia.org/wiki/Cincinnati,"Cincinnati ( SIN-sih-NAT-ee) is a major city in the U.S. state of Ohio, and is the government seat of Hamilton County."
66,Pittsburgh,Pennsylvania,301048,305704,-1.52%,55.4sqmi 143.5km2,"5,481/sqmi 2,116/km2",https://en.wikipedia.org/wiki/Pittsburgh,"Pittsburgh ( PITS-burg) is a city in the Commonwealth of Pennsylvania in the United States, and is the county seat of Allegheny County."
67,Greensboro,North Carolina,294722,269666,+9.29%,128.3sqmi 332.3km2,"2,237/sqmi 864/km2","https://en.wikipedia.org/wiki/Greensboro,_North_Carolina",Greensboro ( (listen); formerly Greensborough) is a city in the U.S. state of North Carolina.
68,Anchorage,Alaska,291538,291826,-0.10%,"1,706.6sqmi 4,420.1km2",175/sqmi 68/km2,"https://en.wikipedia.org/wiki/Anchorage,_Alaska","Anchorage (officially called the Municipality of Anchorage; Dena'ina: Dgheyaytnu) is a unified home rule municipality in the U.S. state of Alaska, located in the West Coast of the United States."
69,Plano,Texas,288061,259841,+10.86%,71.7sqmi 185.7km2,"3,990/sqmi 1,540/km2","https://en.wikipedia.org/wiki/Plano,_Texas","Plano ( PLAY-noh) is a city in the U.S. state of Texas, located approximately twenty miles (32.2 km) north of downtown Dallas."
71,Orlando,Florida,285713,238300,+19.90%,105.2sqmi 272.5km2,"2,635/sqmi 1,017/km2","https://en.wikipedia.org/wiki/Orlando,_Florida",Orlando () is a city in the U.S. state of Florida and the county seat of Orange County.
76,Chula Vista,California,271651,243916,+11.37%,49.6sqmi 128.5km2,"5,387/sqmi 2,080/km2","https://en.wikipedia.org/wiki/Chula_Vista,_California","Chula Vista (; English: beautiful view ) is the second largest city in the San Diego metropolitan area, the seventh largest city in Southern California, the fourteenth largest city in the state of California, and the 74th-largest city in the United States."
77,Fort Wayne,Indiana,267633,253691,+5.50%,110.6sqmi 286.5km2,"2,391/sqmi 923/km2","https://en.wikipedia.org/wiki/Fort_Wayne,_Indiana","Fort Wayne is a city in the U.S. state of Indiana and the seat of Allen County, United States."
78,Jersey City,New Jersey,265549,247597,+7.25%,14.8sqmi 38.3km2,"17,848/sqmi 6,891/km2","https://en.wikipedia.org/wiki/Jersey_City,_New_Jersey","Jersey City is the second most populous city in the U.S. state of New Jersey, after Newark."
79,St. Petersburg,Florida,265098,244769,+8.31%,61.8sqmi 160.1km2,"4,223/sqmi 1,631/km2",https://en.wikipedia.org/wiki/Saint_Petersburg,"Saint Petersburg (Russian: Санкт-Петербу́рг, tr."
84,Lubbock,Texas,255885,229573,+11.46%,124.6sqmi 322.7km2,"2,027/sqmi 783/km2","https://en.wikipedia.org/wiki/Lubbock,_Texas","Lubbock ( LUB-ək)
is the 11th-most populous city in the U.S. state of Texas and the county seat of Lubbock County."
85,Scottsdale,Arizona,255310,217385,+17.45%,183.9sqmi 476.3km2,"1,341/sqmi 518/km2","https://en.wikipedia.org/wiki/Scottsdale,_Arizona","Scottsdale is a city in the eastern part of Maricopa County, Arizona, United States, part of the Greater Phoenix Area."
86,Reno,Nevada,250998,225221,+11.45%,107.3sqmi 277.9km2,"2,286/sqmi 883/km2","https://en.wikipedia.org/wiki/Reno,_Nevada","Reno ( REE-noh) is a city in the U.S. state of Nevada, located in the northwestern part of the state, approximately 22 miles (35 km) from Lake Tahoe."
87,Glendale,Arizona,250702,226721,+10.58%,59.1sqmi 153.1km2,"4,161/sqmi 1,607/km2","https://en.wikipedia.org/wiki/Glendale,_California","Glendale  is a city in Los Angeles County, California, United States."
89,WinstonâSalem,North Carolina,246328,229617,+7.28%,132.5sqmi 343.2km2,"1,828/sqmi 706/km2","https://en.wikipedia.org/wiki/Winston-Salem,_North_Carolina","Winston-Salem is a city in and the county seat of Forsyth County, North Carolina, United States."
90,North Las Vegas,Nevada,245949,216961,+13.36%,98.0sqmi 253.8km2,"2,436/sqmi 941/km2","https://en.wikipedia.org/wiki/North_Las_Vegas,_Nevada","North Las Vegas  is a city in Clark County, Nevada, United States, in the Las Vegas Valley."
91,Norfolk,Virginia,244076,242803,+0.52%,53.3sqmi 138.0km2,"4,599/sqmi 1,776/km2",https://en.wikipedia.org/wiki/Norfolk,Norfolk () is a county in East Anglia in England.
93,Garland,Texas,242507,226876,+6.89%,57.0sqmi 147.6km2,"4,122/sqmi 1,592/km2",https://en.wikipedia.org/wiki/Garland,"A garland is a decorative wreath of flowers, leaves, or other material."
95,Hialeah,Florida,238942,224669,+6.35%,21.5sqmi 55.7km2,"10,995/sqmi 4,245/km2","https://en.wikipedia.org/wiki/Hialeah,_Florida","Hialeah ( ) is a city in Miami-Dade County, Florida, United States."
97,Boise,Idaho,228790,205671,+11.24%,82.1sqmi 212.6km2,"2,718/sqmi 1,049/km2","https://en.wikipedia.org/wiki/Boise,_Idaho","Boise ( (listen)) is the capital and most populous city of the U.S. state of Idaho, and is the county seat of Ada County."
99,Baton Rouge,Louisiana,221599,229493,-3.44%,85.9sqmi 222.5km2,"2,651/sqmi 1,024/km2","https://en.wikipedia.org/wiki/Baton_Rouge,_Louisiana","Baton Rouge ( BAT-ən ROOZH; from French  bâton rouge [bɑtɔ̃ ʁuʒ] (listen), meaning 'red stick') is the capital of the U.S. state of Louisiana."
100,Spokane,Washington,219190,208916,+4.92%,68.7sqmi 177.9km2,"3,144/sqmi 1,214/km2","https://en.wikipedia.org/wiki/Spokane,_Washington",Spokane ( (listen) spoh-KAN) is a city in Spokane County in the state of Washington in the northwestern United States.
101,Des Moines,Iowa,216853,203433,+6.60%,88.9sqmi 230.2km2,"2,424/sqmi 936/km2","https://en.wikipedia.org/wiki/Des_Moines,_Iowa",Des Moines ( (listen)) is the capital and the most populous city in the U.S. state of Iowa.
102,Tacoma,Washington,216279,198397,+9.01%,49.7sqmi 128.7km2,"4,251/sqmi 1,641/km2","https://en.wikipedia.org/wiki/Tacoma,_Washington","Tacoma ( tə-KOH-mə) is a mid-sized urban port city and the county seat of Pierce County, Washington, United States."
103,San Bernardino,California,215941,209924,+2.87%,61.5sqmi 159.3km2,"3,516/sqmi 1,358/km2","https://en.wikipedia.org/wiki/San_Bernardino,_California","San Bernardino () is a city located in the Riverside–San Bernardino metropolitan area (sometimes called the ""Inland Empire"") and that serves as the county seat of San Bernardino County, California, United States."
104,Modesto,California,215030,201165,+6.89%,43.0sqmi 111.4km2,"4,934/sqmi 1,905/km2","https://en.wikipedia.org/wiki/Modesto,_California","Modesto  (Spanish for ""modest""), officially the City of Modesto, is the county seat and largest city of Stanislaus County, California, United States."
106,Santa Clarita,California,210089,176320,+19.15%,52.8sqmi 136.8km2,"3,446/sqmi 1,331/km2",https://en.wikipedia.org/wiki/Santa_Clarita_Diet,"Santa Clarita Diet is an American horror-comedy web television series created by Victor Fresco for the streaming service Netflix, starring  Drew Barrymore and Timothy Olyphant."
107,Birmingham,Alabama,209880,212237,-1.11%,146.1sqmi 378.4km2,"1,452/sqmi 561/km2",https://en.wikipedia.org/wiki/Birmingham,"Birmingham ( (listen), locally also: ) is the second-most populous city in the United Kingdom, after London, and the most populous city in the English Midlands."
108,Oxnard,California,209877,197899,+6.05%,26.9sqmi 69.7km2,"7,729/sqmi 2,984/km2",https://en.wikipedia.org/wiki/Oxford,Oxford ( OKS-fərd) is a university city in south central England and the county town of Oxfordshire.
109,Fayetteville,North Carolina,209468,200564,+4.44%,147.7sqmi 382.5km2,"1,386/sqmi 535/km2","https://en.wikipedia.org/wiki/Fayetteville,_Arkansas",Fayetteville is the third-largest city in Arkansas and county seat of Washington County.
110,Moreno Valley,California,209050,193365,+8.11%,51.3sqmi 132.9km2,"4,006/sqmi 1,547/km2","https://en.wikipedia.org/wiki/Moreno_Valley,_California","Moreno Valley is a city located in Riverside County, California, and is part of the San Bernardino-Riverside Metropolitan Area."
112,Glendale,California,201361,191719,+5.03%,30.4sqmi 78.7km2,"6,606/sqmi 2,551/km2","https://en.wikipedia.org/wiki/Glendale,_California","Glendale  is a city in Los Angeles County, California, United States."
113,Huntington Beach,California,200641,189992,+5.60%,26.9sqmi 69.7km2,"7,459/sqmi 2,880/km2","https://en.wikipedia.org/wiki/Huntington_Beach,_California",Huntington Beach is a seaside city in Orange County in Southern California.
114,Salt Lake City,Utah,200591,186440,+7.59%,111.2sqmi 288.0km2,"1,742/sqmi 673/km2",https://en.wikipedia.org/wiki/Salt_Lake_City,"Salt Lake City (often shortened to Salt Lake and abbreviated as SLC) is the capital and most populous municipality of the U.S. state of Utah, and county seat of Salt Lake County."
115,Grand Rapids,Michigan,200217,188040,+6.48%,44.4sqmi 115.0km2,"4,424/sqmi 1,708/km2","https://en.wikipedia.org/wiki/Grand_Rapids,_Michigan",Grand Rapids is the second-largest city in Michigan and the largest city in West Michigan.
116,Amarillo,Texas,199924,190695,+4.84%,101.4sqmi 262.6km2,"1,968/sqmi 760/km2","https://en.wikipedia.org/wiki/Amarillo,_Texas","Amarillo ( AM-ə-RIL-oh) is the 14th-most populous city in the state of Texas, United States."
117,Yonkers,New York,199663,195976,+1.88%,18.0sqmi 46.6km2,"11,156/sqmi 4,307/km2","https://en.wikipedia.org/wiki/Yonkers,_New_York","Yonkers () is a city in Westchester County, New York."
118,Aurora,Illinois,199602,197899,+0.86%,44.9sqmi 116.3km2,"4,479/sqmi 1,729/km2",https://en.wikipedia.org/wiki/Aurora,"An aurora (plural: auroras or aurorae), sometimes referred to as polar lights, northern lights (aurora borealis), southern lights (aurora australis), is a natural light display in the Earth's sky, predominantly seen in the high-latitude regions (around the Arctic and Antarctic)."
120,Akron,Ohio,198006,199110,-0.55%,62.0sqmi 160.6km2,"3,188/sqmi 1,231/km2","https://en.wikipedia.org/wiki/Akron,_Ohio",Akron () is the fifth-largest city in the U.S. state of Ohio and is the county seat of Summit County.
121,Little Rock,Arkansas,197881,193524,+2.25%,118.7sqmi 307.4km2,"1,673/sqmi 646/km2","https://en.wikipedia.org/wiki/Little_Rock,_Arkansas",Little Rock is the capital and most populous city of the U.S. state of Arkansas.
122,Huntsville,Alabama,197318,180105,+9.56%,213.4sqmi 552.7km2,905/sqmi 349/km2,"https://en.wikipedia.org/wiki/Huntsville,_Alabama",Huntsville is a city located primarily in Madison County in the Appalachian region of northern Alabama.
124,Port St. Lucie,Florida,195248,164603,+18.62%,118.9sqmi 307.9km2,"1,557/sqmi 601/km2","https://en.wikipedia.org/wiki/Port_St._Lucie,_Florida",Port St.
125,Grand Prairie,Texas,194614,175396,+10.96%,72.3sqmi 187.3km2,"2,637/sqmi 1,018/km2","https://en.wikipedia.org/wiki/Grand_Prairie,_Texas","Grand Prairie is a city in Dallas County, Tarrant County, and Ellis County, Texas, in the United States."
127,Tallahassee,Florida,193551,181376,+6.71%,100.4sqmi 260.0km2,"1,901/sqmi 734/km2","https://en.wikipedia.org/wiki/Tallahassee,_Florida",Tallahassee () is the capital city of the U.S. state of Florida.
128,Overland Park,Kansas,192536,173372,+11.05%,75.1sqmi 194.5km2,"2,516/sqmi 971/km2","https://en.wikipedia.org/wiki/Overland_Park,_Kansas",Overland Park is the second most populous city in the U.S. state of Kansas.
129,Tempe,Arizona,192364,161719,+18.95%,40.0sqmi 103.6km2,"4,562/sqmi 1,761/km2",https://en.wikipedia.org/wiki/Temple,A temple (from the Latin word templum) is a building reserved for religious or spiritual rituals and activities such as prayer and sacrifice.
130,McKinney,Texas,191645,131117,+46.16%,63.0sqmi 163.2km2,"2,735/sqmi 1,056/km2","https://en.wikipedia.org/wiki/McKinney,_Texas","McKinney is a city in and the county seat of Collin County, Texas, United States."
132,Cape Coral,Florida,189343,154305,+22.71%,105.6sqmi 273.5km2,"1,703/sqmi 658/km2","https://en.wikipedia.org/wiki/Cape_Coral,_Florida","Cape Coral  is a city located in Lee County, Florida, United States, on the Gulf of Mexico."
133,Shreveport,Louisiana,188987,199311,-5.18%,107.1sqmi 277.4km2,"1,820/sqmi 700/km2","https://en.wikipedia.org/wiki/Shreveport,_Louisiana",Shreveport ( SHREEV-port) is a city in the U.S. state of Louisiana.
134,Frisco,Texas,188170,116989,+60.84%,67.7sqmi 175.3km2,"2,417/sqmi 933/km2","https://en.wikipedia.org/wiki/Frisco,_Texas",Frisco is a city in Collin and Denton counties in Texas.
135,Knoxville,Tennessee,187500,178874,+4.82%,98.5sqmi 255.1km2,"1,891/sqmi 730/km2","https://en.wikipedia.org/wiki/Knoxville,_Tennessee","Knoxville is a city in the U.S. state of Tennessee, and the county seat of Knox County."
136,Worcester,Massachusetts,185877,181045,+2.67%,37.4sqmi 96.9km2,"4,933/sqmi 1,905/km2",https://en.wikipedia.org/wiki/Worcester,"Worcester ( (listen) WUUS-tər) is a city in  Worcestershire, England, 31 miles (50 km) southwest of Birmingham, 101 miles (163 km) west-northwest of London, 27 miles (43 km) north of Gloucester and 23 miles (37 km) northeast of Hereford."
137,Brownsville,Texas,183392,175023,+4.78%,132.5sqmi 343.2km2,"1,387/sqmi 536/km2","https://en.wikipedia.org/wiki/Brownsville,_Texas",Brownsville () is a city in Cameron County in the U.S. state of Texas.
138,Vancouver,Washington,183012,161791,+13.12%,46.9sqmi 121.5km2,"3,728/sqmi 1,439/km2",https://en.wikipedia.org/wiki/Vancouver,"Vancouver ( (listen)) is a coastal seaport city in western Canada, located in the Lower Mainland region of British Columbia."
139,Fort Lauderdale,Florida,182595,165521,+10.32%,34.6sqmi 89.6km2,"5,166/sqmi 1,995/km2","https://en.wikipedia.org/wiki/Fort_Lauderdale,_Florida","Fort Lauderdale () is a city in the U.S. state of Florida,  28 miles (45 km) north of Miami."
140,Sioux Falls,South Dakota,181883,153888,+18.19%,75.4sqmi 195.3km2,"2,312/sqmi 893/km2","https://en.wikipedia.org/wiki/Sioux_Falls,_South_Dakota","Sioux Falls () (Lakota: Íŋyaŋ Okábleča Otȟúŋwahe; ""Stone Shatter City"") is the most populous city in the U.S. state of South Dakota and the 143rd-most populous city in the United States."
141,Ontario,California,181107,163924,+10.48%,49.9sqmi 129.2km2,"3,471/sqmi 1,340/km2",https://en.wikipedia.org/wiki/Ontario,Ontario ( (listen); French pronunciation: [ɔ̃taʁjo]) is one of the 13 provinces and territories of Canada and is located in east-central Canada.
142,Chattanooga,Tennessee,180557,167674,+7.68%,143.1sqmi 370.6km2,"1,241/sqmi 479/km2","https://en.wikipedia.org/wiki/Chattanooga,_Tennessee","Chattanooga is a city located in Hamilton County, southeastern Tennessee, along the Tennessee River bordering Georgia."
144,Newport News,Virginia,178626,180719,-1.16%,69.1sqmi 179.0km2,"2,631/sqmi 1,016/km2","https://en.wikipedia.org/wiki/Newport_News,_Virginia",Newport News is an independent city in the U.S. state of Virginia.
145,Rancho Cucamonga,California,177751,165269,+7.55%,40.0sqmi 103.6km2,"4,413/sqmi 1,704/km2","https://en.wikipedia.org/wiki/Rancho_Cucamonga,_California","Rancho Cucamonga is a city of about 177,000 residents located just south of the foothills of the San Gabriel Mountains and Angeles National Forest in San Bernardino County, California, United States."
146,Santa Rosa,California,177586,167815,+5.82%,41.3sqmi 107.0km2,"4,241/sqmi 1,637/km2","https://en.wikipedia.org/wiki/Santa_Rosa,_California",Santa Rosa (lit.
147,Oceanside,California,176080,167086,+5.38%,41.3sqmi 107.0km2,"4,249/sqmi 1,641/km2","https://en.wikipedia.org/wiki/Oceanside,_California",Oceanside is a coastal city located on California's South Coast.
149,Elk Grove,California,172886,153015,+12.99%,42.2sqmi 109.3km2,"4,022/sqmi 1,553/km2","https://en.wikipedia.org/wiki/Elk_Grove,_California","Elk Grove is a city in Sacramento County, California, located just south of the state capital of Sacramento."
150,Garden Grove,California,172646,170883,+1.03%,18.0sqmi 46.6km2,"9,714/sqmi 3,751/km2","https://en.wikipedia.org/wiki/Garden_Grove,_California","Garden Grove is a city in northern Orange County, California, United States, located 34 miles (55 km) southeast of the city of Los Angeles in the Los Angeles metropolitan area."
151,Pembroke Pines,Florida,172374,154019,+11.92%,33.0sqmi 85.5km2,"5,109/sqmi 1,973/km2","https://en.wikipedia.org/wiki/Pembroke_Pines,_Florida","Pembroke Pines is a city in southern Broward County, Florida, United States."
154,Corona,California,168819,152374,+10.79%,39.5sqmi 102.3km2,"4,222/sqmi 1,630/km2",https://en.wikipedia.org/wiki/Corona,"A corona (Latin, 'crown') is an aura of plasma that surrounds the Sun and other stars."
157,Fort Collins,Colorado,167830,143986,+16.56%,55.8sqmi 144.5km2,"2,943/sqmi 1,136/km2","https://en.wikipedia.org/wiki/Fort_Collins,_Colorado","Fort Collins is the Home Rule Municipality that is the county seat and the most populous municipality of Larimer County, Colorado, United States."
159,Alexandria,Virginia,160530,139966,+14.69%,15.0sqmi 38.8km2,"10,387/sqmi 4,010/km2",https://en.wikipedia.org/wiki/Alexandria,"Alexandria ( or ; Egyptian Arabic: إسكندريه‎ Eskendereyya; Arabic: الإسكندرية‎ al-ʾIskandariyya; Coptic: ⲁⲗⲉⲝⲁⲛⲇⲣⲓⲁ Alexandria or ⲣⲁⲕⲟϯ Rakote) is the second-largest city in Egypt and a major economic centre, extending about 32 km (20 mi) along the coast of the Mediterranean Sea in the north central part of the country."
164,Palmdale,California,156667,152750,+2.56%,106.0sqmi 274.5km2,"1,484/sqmi 573/km2","https://en.wikipedia.org/wiki/Palmdale,_California",Palmdale is a city in northern Los Angeles County in the U.S. state of California.
167,Hollywood,Florida,154823,140768,+9.98%,27.3sqmi 70.7km2,"5,568/sqmi 2,150/km2",https://en.wikipedia.org/wiki/Hollywood,"Hollywood is a neighborhood in the central region of Los Angeles, California, notable as the home of the U.S. film industry, including several of its historic studios."
168,Pasadena,Texas,153219,149043,+2.80%,43.5sqmi 112.7km2,"3,525/sqmi 1,361/km2","https://en.wikipedia.org/wiki/Pasadena,_California","Pasadena  is a city in Los Angeles County, California, United States, located 10 miles (16 kilometers) northeast of Downtown Los Angeles."
169,Sunnyvale,California,153185,140081,+9.35%,22.0sqmi 57.0km2,"6,944/sqmi 2,681/km2","https://en.wikipedia.org/wiki/Sunnyvale,_California","Sunnyvale () is a city located in Santa Clara County, California."
170,Macon,Georgia,153095,91351,+67.59%,249.3sqmi 645.7km2,612/sqmi 236/km2,https://en.wikipedia.org/wiki/M%C3%A2con,"Mâcon (French pronunciation: ​[mɑ.kɔ̃]), historically anglicised as Mascon, is a city in east-central France."
171,Kansas City,Kansas,152958,145786,+4.92%,124.8sqmi 323.2km2,"1,216/sqmi 470/km2",https://en.wikipedia.org/wiki/Kansas_City_metropolitan_area,"The Kansas City metropolitan area is a 14 county metropolitan area anchored by Kansas City, Missouri, and straddling the border between the U.S. states of Missouri and Kansas."
172,Pomona,California,152361,149058,+2.22%,23.0sqmi 59.6km2,"6,630/sqmi 2,560/km2","https://en.wikipedia.org/wiki/Pomona,_California","Pomona () is a city in Los Angeles County, California, United States."
173,Escondido,California,152213,143911,+5.77%,37.1sqmi 96.1km2,"4,087/sqmi 1,578/km2","https://en.wikipedia.org/wiki/Escondido,_California","Escondido ( ES-kən-DEE-doh) is a city located in San Diego County's North County region, 30 miles (48 km) northeast of downtown San Diego."
174,Killeen,Texas,149103,127921,+16.56%,53.5sqmi 138.6km2,"2,680/sqmi 1,030/km2","https://en.wikipedia.org/wiki/Killeen,_Texas","Killeen is a city in Bell County, Texas, United States."
175,Naperville,Illinois,148304,141853,+4.55%,38.7sqmi 100.2km2,"3,802/sqmi 1,468/km2","https://en.wikipedia.org/wiki/Naperville,_Illinois",Naperville () is a city in DuPage and Will counties in the U.S. state of Illinois.
176,Joliet,Illinois,148099,147433,+0.45%,64.4sqmi 166.8km2,"2,302/sqmi 889/km2","https://en.wikipedia.org/wiki/Joliet,_Illinois","Joliet () is a city in Will and Kendall counties in the U.S. state of Illinois, 30 miles (48 km) southwest of Chicago."
178,Rockford,Illinois,146526,152871,-4.15%,63.5sqmi 164.5km2,"2,325/sqmi 898/km2","https://en.wikipedia.org/wiki/Rockford,_Illinois","Rockford is a city in Winnebago County in the U.S. state of Illinois, in far northern Illinois."
179,Savannah,Georgia,145862,136286,+7.03%,103.6sqmi 268.3km2,"1,417/sqmi 547/km2","https://en.wikipedia.org/wiki/Savannah,_Georgia",Savannah () is the oldest city in the U.S. state of Georgia and is the county seat of Chatham County.
181,Torrance,California,145182,145438,-0.18%,20.5sqmi 53.1km2,"7,180/sqmi 2,770/km2","https://en.wikipedia.org/wiki/Torrance,_California","Torrance is a U.S. city in the South Bay (southwestern) region of Los Angeles County, California in the Los Angeles metropolitan area."
182,Bridgeport,Connecticut,144900,144229,+0.47%,16.1sqmi 41.7km2,"9,064/sqmi 3,500/km2","https://en.wikipedia.org/wiki/Bridgeport,_Connecticut",Bridgeport is a historic seaport city in the U.S. state of Connecticut.
183,McAllen,Texas,143433,129877,+10.44%,58.4sqmi 151.3km2,"2,435/sqmi 940/km2","https://en.wikipedia.org/wiki/McAllen,_Texas","McAllen is the largest city in Hidalgo County, Texas, United States, and the 22nd-most populous city in Texas."
184,Mesquite,Texas,142816,139824,+2.14%,47.2sqmi 122.2km2,"3,045/sqmi 1,176/km2",https://en.wikipedia.org/wiki/Mesquite,"Mesquite is a common name for several plants in the genus Prosopis, which contains over 40 species of small leguminous trees."
187,Pasadena,California,141371,137122,+3.10%,23.0sqmi 59.6km2,"6,176/sqmi 2,385/km2","https://en.wikipedia.org/wiki/Pasadena,_California","Pasadena  is a city in Los Angeles County, California, United States, located 10 miles (16 kilometers) northeast of Downtown Los Angeles."
188,Murfreesboro,Tennessee,141344,108755,+29.97%,55.9sqmi 144.8km2,"2,360/sqmi 910/km2","https://en.wikipedia.org/wiki/Murfreesboro,_Tennessee","Murfreesboro is a city in, and the county seat of, Rutherford County, Tennessee, United States."
190,Dayton,Ohio,140640,141527,-0.63%,55.7sqmi 144.3km2,"2,522/sqmi 974/km2","https://en.wikipedia.org/wiki/Dayton,_Ohio",Dayton () is the sixth-largest city in the state of Ohio and the county seat of Montgomery County.
192,Olathe,Kansas,139605,125872,+10.91%,60.9sqmi 157.7km2,"2,225/sqmi 859/km2","https://en.wikipedia.org/wiki/Olathe,_Kansas","Olathe ( oh-LAY-thə) is the county seat of Johnson County, Kansas, United States."
195,Roseville,California,139117,118788,+17.11%,43.0sqmi 111.4km2,"3,085/sqmi 1,191/km2","https://en.wikipedia.org/wiki/Roseville,_California","Roseville (formerly, Roseville Junction, Junction, and Grider's) is the largest city in Placer County, California, United States, in the Sacramento metropolitan area."
197,Waco,Texas,138183,124805,+10.72%,89.0sqmi 230.5km2,"1,510/sqmi 580/km2","https://en.wikipedia.org/wiki/Waco,_Texas","Waco ( WAY-koh) is a city in central Texas and is the county seat of McLennan County, Texas, United States."
200,West Valley City,Utah,136401,129480,+5.35%,35.5sqmi 91.9km2,"3,847/sqmi 1,485/km2","https://en.wikipedia.org/wiki/West_Valley_City,_Utah",West Valley City is a city in Salt Lake County and a suburb of Salt Lake City in the U.S. state of Utah.
202,Warren,Michigan,134587,134056,+0.40%,34.4sqmi 89.1km2,"3,928/sqmi 1,517/km2",https://en.wikipedia.org/wiki/Warren,"A domestic warren is an artificial, enclosed establishment of animal husbandry dedicated to the raising of rabbits for meat and fur."
205,Visalia,California,133800,124442,+7.52%,37.5sqmi 97.1km2,"3,495/sqmi 1,349/km2","https://en.wikipedia.org/wiki/Visalia,_California","Visalia ( vy-SAYL-ee-ə) is a city situated in the agricultural San Joaquin Valley of California, approximately 230 miles (370 km) southeast of San Francisco, 190 miles (310 km) north of Los Angeles, 36 miles (58 km) west of Sequoia National Park and 43 miles (69 km) south of Fresno."
206,Coral Springs,Florida,133507,121096,+10.25%,23.8sqmi 61.6km2,"5,465/sqmi 2,110/km2","https://en.wikipedia.org/wiki/Coral_Springs,_Florida","Coral Springs, officially the City of Coral Springs, is a city in Broward County, Florida, United States, approximately 20 miles (32 km) northwest of Fort Lauderdale."
208,Cedar Rapids,Iowa,133174,126326,+5.42%,70.8sqmi 183.4km2,"1,852/sqmi 715/km2","https://en.wikipedia.org/wiki/Cedar_Rapids,_Iowa",Cedar Rapids  is the second-largest city in Iowa and is the county seat of Linn County.
209,Sterling Heights,Michigan,132964,129699,+2.52%,36.5sqmi 94.5km2,"3,628/sqmi 1,401/km2","https://en.wikipedia.org/wiki/Sterling_Heights,_Michigan","Sterling Heights is a city in Macomb County of the U.S. state of Michigan, and one of Detroit's core suburbs."
210,New Haven,Connecticut,130418,129779,+0.49%,18.7sqmi 48.4km2,"6,948/sqmi 2,683/km2","https://en.wikipedia.org/wiki/New_Haven,_Connecticut",New Haven is a coastal city in the U.S. state of Connecticut.
211,Stamford,Connecticut,129775,122643,+5.82%,37.6sqmi 97.4km2,"3,434/sqmi 1,326/km2","https://en.wikipedia.org/wiki/Stamford,_Connecticut","Stamford () is a city in Fairfield County, Connecticut, United States."
213,Kent,Washington,129618,92411,+40.26%,33.7sqmi 87.3km2,"3,784/sqmi 1,461/km2",https://en.wikipedia.org/wiki/Kent,Kent is a county in South East England and one of the home counties.
214,Santa Clara,California,129488,116468,+11.18%,18.4sqmi 47.7km2,"6,845/sqmi 2,643/km2","https://en.wikipedia.org/wiki/Santa_Clara_County,_California","Santa Clara County, officially the County of Santa Clara, is California's 6th most populous county, with a population of 1,781,642, as of the 2010 census."
216,Round Rock,Texas,128739,99887,+28.88%,35.6sqmi 92.2km2,"3,396/sqmi 1,311/km2","https://en.wikipedia.org/wiki/Round_Rock,_Texas","Round Rock is a city in the U.S. state of Texas, in Williamson County (with a small part in Travis County), which is a part of the Greater Austin, Texas metropolitan area."
217,Thousand Oaks,California,127690,126683,+0.79%,55.2sqmi 143.0km2,"2,335/sqmi 902/km2","https://en.wikipedia.org/wiki/Thousand_Oaks,_California","Thousand Oaks is the second-largest city in Ventura County, California, United States."
219,Athens,Georgia,125964,115452,+9.11%,116.4sqmi 301.5km2,"1,060/sqmi 410/km2",https://en.wikipedia.org/wiki/Athens,"Athens (; Greek: Αθήνα, Athína [aˈθina]; Ancient Greek: Ἀθῆναι, Athênai [a.tʰɛ̂ː.nai̯]) is the capital and largest city of Greece."
220,Topeka,Kansas,125904,127473,-1.23%,61.5sqmi 159.3km2,"2,062/sqmi 796/km2","https://en.wikipedia.org/wiki/Topeka,_Kansas",Topeka (; Kansa: Tó Pee Kuh) is the capital city of the U.S. state of Kansas and the seat of Shawnee County.
221,Simi Valley,California,125851,124237,+1.30%,41.5sqmi 107.5km2,"3,044/sqmi 1,175/km2","https://en.wikipedia.org/wiki/Simi_Valley,_California","The city of Simi Valley (from the Chumash word, Shimiyi), in the eponymous valley, is in the southeast corner of Ventura County, California, United States, 40 miles (64 km) from downtown Los Angeles, making it part of the Greater Los Angeles Area."
222,Fargo,North Dakota,124844,105549,+18.28%,49.3sqmi 127.7km2,"2,450/sqmi 950/km2",https://en.wikipedia.org/wiki/Wells_Fargo,"Wells Fargo & Company is an American multinational financial services company headquartered in San Francisco, California, with central offices throughout the United States."
225,Abilene,Texas,122999,117063,+5.07%,106.7sqmi 276.4km2,"1,146/sqmi 442/km2","https://en.wikipedia.org/wiki/Abilene,_Texas","Abilene ( AB-i-leen) is a city in Taylor and Jones counties in Texas, United States."
227,Hartford,Connecticut,122587,124775,-1.75%,17.4sqmi 45.1km2,"7,083/sqmi 2,735/km2","https://en.wikipedia.org/wiki/Hartford,_Connecticut",Hartford is the capital city of Connecticut.
228,Victorville,California,122312,115903,+5.53%,73.3sqmi 189.8km2,"1,668/sqmi 644/km2","https://en.wikipedia.org/wiki/Victorville,_California","Victorville is a city located in the Victor Valley of southwestern San Bernardino County, California."
229,Pearland,Texas,122149,91252,+33.86%,46.3sqmi 119.9km2,"2,453/sqmi 947/km2","https://en.wikipedia.org/wiki/Pearland,_Texas","Pearland ( PAIR-land) is a city in the U.S. state of Texas, within the Houston–The Woodlands–Sugar Land metropolitan area."
230,Vallejo,California,121913,115942,+5.15%,30.7sqmi 79.5km2,"3,951/sqmi 1,525/km2",https://en.wikipedia.org/wiki/Virginia_Vallejo,"Virginia Vallejo García (born 26 August 1949) is a Colombian author, journalist, television director, anchorwoman, media personality, socialite, and political asylee in the United States of America."
231,Ann Arbor,Michigan,121890,113934,+6.98%,28.1sqmi 72.8km2,"4,298/sqmi 1,659/km2","https://en.wikipedia.org/wiki/Ann_Arbor,_Michigan",Ann Arbor is a city in the U.S. state of Michigan and the county seat of Washtenaw County.
233,Allentown,Pennsylvania,121433,118032,+2.88%,17.5sqmi 45.3km2,"6,882/sqmi 2,657/km2","https://en.wikipedia.org/wiki/Allentown,_Pennsylvania","Allentown (Pennsylvania Dutch: Allenschteddel) is a city located in Lehigh County, Pennsylvania, United States."
235,Odessa,Texas,120568,99940,+20.64%,45.2sqmi 117.1km2,"2,608/sqmi 1,007/km2",https://en.wikipedia.org/wiki/Odessa,"Odessa (also known as Odesa; Ukrainian: Оде́са [ɔˈdɛsɐ]; Russian: Оде́сса [ɐˈdʲesə]) is the third most populous city of Ukraine and a major tourism center, seaport and transport hub located on the northwestern shore of the Black Sea."
237,Cambridge,Massachusetts,118977,105162,+13.14%,6.4sqmi 16.6km2,"17,289/sqmi 6,675/km2",https://en.wikipedia.org/wiki/Cambridge,"Cambridge ( KAYM-brij) is a university city and the county town of Cambridgeshire, England, on the River Cam approximately 50 miles (80 km) north of London."
238,Sugar Land,Texas,118600,78817,+50.48%,34.0sqmi 88.1km2,"3,488/sqmi 1,347/km2","https://en.wikipedia.org/wiki/Sugar_Land,_Texas","Sugar Land is a city in Fort Bend County, Texas, United States, located in the southwestern part of the Houston–The Woodlands–Sugar Land metropolitan area."
240,Lansing,Michigan,118427,114297,+3.61%,39.1sqmi 101.3km2,"2,967/sqmi 1,146/km2","https://en.wikipedia.org/wiki/Lansing,_Michigan",Lansing  is the capital of the U.S. state of Michigan.
241,Evansville,Indiana,117963,117429,+0.45%,47.3sqmi 122.5km2,"2,526/sqmi 975/km2","https://en.wikipedia.org/wiki/Evansville,_Indiana","Evansville is a city and the county seat of Vanderburgh County, Indiana, United States."
243,Independence,Missouri,116925,116830,+0.08%,77.8sqmi 201.5km2,"1,504/sqmi 581/km2",https://en.wikipedia.org/wiki/Independence,"Independence is a condition of a person, nation, country, or state in which its residents and population, or some portion thereof, exercise self-government, and usually sovereignty, over the territory."
246,Clearwater,Florida,116478,107685,+8.17%,25.9sqmi 67.1km2,"4,415/sqmi 1,705/km2","https://en.wikipedia.org/wiki/Clearwater,_Florida","Clearwater is a city located in Pinellas County, Florida, United States, northwest of Tampa and St."
248,West Jordan,Utah,116046,103712,+11.89%,32.3sqmi 83.7km2,"3,520/sqmi 1,360/km2","https://en.wikipedia.org/wiki/West_Jordan,_Utah","West Jordan is a city in Salt Lake County, Utah, United States."
249,Carlsbad,California,115877,105328,+10.02%,37.7sqmi 97.6km2,"3,023/sqmi 1,167/km2","https://en.wikipedia.org/wiki/Carlsbad,_California","Carlsbad is a city in the North County region of San Diego County, California, United States."
250,El Monte,California,115586,113475,+1.86%,9.6sqmi 24.9km2,"12,063/sqmi 4,658/km2","https://en.wikipedia.org/wiki/El_Monte,_California","El Monte  is a residential, industrial, and commercial city in Los Angeles County, California, the United States."
251,Murrieta,California,114985,103466,+11.13%,33.6sqmi 87.0km2,"3,324/sqmi 1,283/km2","https://en.wikipedia.org/wiki/Murrieta,_California","Murrieta is a city in southwestern Riverside County, California, United States."
252,Temecula,California,114742,100097,+14.63%,37.3sqmi 96.6km2,"3,031/sqmi 1,170/km2","https://en.wikipedia.org/wiki/Temecula,_California","Temecula  is a city in southwestern Riverside County, California, United States."
255,Costa Mesa,California,113615,109960,+3.32%,15.7sqmi 40.7km2,"7,186/sqmi 2,775/km2","https://en.wikipedia.org/wiki/Costa_Mesa,_California","Costa Mesa () is a city in Orange County, California."
256,Westminster,Colorado,113479,106114,+6.94%,31.7sqmi 82.1km2,"3,592/sqmi 1,387/km2",https://en.wikipedia.org/wiki/Westminster,"Westminster is an area in central London within the City of Westminster, part of the West End, on the north bank of the River Thames."
257,North Charleston,South Carolina,113237,97471,+16.18%,73.7sqmi 190.9km2,"1,483/sqmi 573/km2","https://en.wikipedia.org/wiki/North_Charleston,_South_Carolina","North Charleston is the third-largest city in the U.S. state of South Carolina, with incorporated areas in Berkeley, Charleston, and Dorchester counties."
258,Miami Gardens,Florida,113069,107167,+5.51%,18.2sqmi 47.1km2,"6,212/sqmi 2,398/km2","https://en.wikipedia.org/wiki/Miami_Gardens,_Florida","Miami Gardens is a city located in north-central Miami-Dade County, Florida."
259,Manchester,New Hampshire,112525,109565,+2.70%,33.1sqmi 85.7km2,"3,339/sqmi 1,289/km2",https://en.wikipedia.org/wiki/Manchester,"Manchester () is a city and metropolitan borough in Greater Manchester, England."
261,Downey,California,112269,111772,+0.44%,12.4sqmi 32.1km2,"9,134/sqmi 3,527/km2",https://en.wikipedia.org/wiki/Robert_Downey_Jr.,Robert John Downey Jr.
263,Pompano Beach,Florida,111954,99845,+12.13%,24.0sqmi 62.2km2,"4,558/sqmi 1,760/km2","https://en.wikipedia.org/wiki/Pompano_Beach,_Florida","Pompano Beach  is a city in Broward County, Florida, United States, along the coast of the Atlantic Ocean just to the north of Fort Lauderdale."
264,Pueblo,Colorado,111750,106595,+4.84%,53.6sqmi 138.8km2,"2,058/sqmi 795/km2",https://en.wikipedia.org/wiki/Pueblo,"In the Southwestern United States, the term Pueblo refers to communities of Native Americans, both in the present and in ancient times."
267,Antioch,California,111535,102372,+8.95%,29.4sqmi 76.1km2,"3,772/sqmi 1,456/km2",https://en.wikipedia.org/wiki/Antioch,"Antioch on the Orontes (; Ancient Greek: Ἀντιόχεια ἡ ἐπὶ Ὀρόντου, Antiókheia hē epì Oróntou; also Syrian Antioch) was an ancient Greek city on the eastern side of the Orontes River."
268,West Palm Beach,Florida,111398,99919,+11.49%,55.1sqmi 142.7km2,"1,963/sqmi 758/km2","https://en.wikipedia.org/wiki/West_Palm_Beach,_Florida","West Palm Beach is a city in and the county seat of Palm Beach County, Florida, United States."
272,Centennial,Colorado,110831,100377,+10.41%,29.5sqmi 76.4km2,"3,727/sqmi 1,439/km2",https://en.wikipedia.org/wiki/Centennial,"A centennial is a 100th anniversary or otherwise relates to a century, a period of 100 years."
276,Billings,Montana,109550,104170,+5.16%,43.7sqmi 113.2km2,"2,525/sqmi 975/km2","https://en.wikipedia.org/wiki/Billings,_Montana","Billings is the largest city in the U.S. state of Montana, with a population estimated at 109,550 as of 2018."
277,Inglewood,California,109419,109673,-0.23%,9.1sqmi 23.6km2,"12,160/sqmi 4,700/km2","https://en.wikipedia.org/wiki/Inglewood,_California","Inglewood is a city in southwestern Los Angeles County, California in the Los Angeles metropolitan area."
279,Sandy Springs,Georgia,108797,93853,+15.92%,37.7sqmi 97.6km2,"2,804/sqmi 1,083/km2","https://en.wikipedia.org/wiki/Sandy_Springs,_Georgia","Sandy Springs is a city in northern Fulton County, Georgia, United States, and part of the Atlanta metropolitan area."
280,Jurupa Valley,California,108393,0,[ab],42.9sqmi 111.1km2,"2,414/sqmi 932/km2","https://en.wikipedia.org/wiki/Jurupa_Valley,_California","Jurupa Valley is a city in Riverside County, California."
282,Waterbury,Connecticut,108093,110366,-2.06%,28.5sqmi 73.8km2,"3,799/sqmi 1,467/km2","https://en.wikipedia.org/wiki/Waterbury,_Connecticut","Waterbury (nicknamed ""The Brass City"") is a city in the U.S. state of Connecticut on the Naugatuck River, 33 miles southwest of Hartford and 77 miles  northeast of New York City."
284,Boulder,Colorado,107353,97385,+10.24%,24.8sqmi 64.2km2,"4,358/sqmi 1,683/km2",https://en.wikipedia.org/wiki/Boulder,"In geology, a boulder is a rock fragment with size greater than 25.6 centimetres (10.1 in) in diameter."
286,Daly City,California,107008,101123,+5.82%,7.6sqmi 19.7km2,"14,009/sqmi 5,409/km2","https://en.wikipedia.org/wiki/Daly_City,_California","Daly City () is the largest city in San Mateo County, California, United States, with an estimated 2014 population of 106,094."
288,Lewisville,Texas,106586,95290,+11.85%,36.7sqmi 95.1km2,"2,852/sqmi 1,101/km2","https://en.wikipedia.org/wiki/Lewisville,_Texas","Lewisville ( LOO-iss-vil) is a city in Denton County, Texas, United States."
289,Davie,Florida,106558,91992,+15.83%,34.9sqmi 90.4km2,"2,919/sqmi 1,127/km2",https://en.wikipedia.org/wiki/Davie,Davie is a surname and a form of the masculine given name David.
290,West Covina,California,106311,106098,+0.20%,16.0sqmi 41.4km2,"6,740/sqmi 2,600/km2","https://en.wikipedia.org/wiki/West_Covina,_California","West Covina is a city in Los Angeles County, California, located 19 miles (31 km) east of Downtown Los Angeles in the eastern San Gabriel Valley and is part of Greater Los Angeles."
291,League City,Texas,106244,83560,+27.15%,51.2sqmi 132.6km2,"1,992/sqmi 769/km2","https://en.wikipedia.org/wiki/League_City,_Texas","League City is a city in Galveston County, Texas, within the Greater Houston metropolitan area."
292,Tyler,Texas,105729,96900,+9.11%,56.6sqmi 146.6km2,"1,852/sqmi 715/km2",https://en.wikipedia.org/wiki/Tyler,"Tyler is an English (Old English) name derived from the Old French tieuleor, tieulier (tiler, tile maker) and the Middle English tyler, tylere."
294,San Mateo,California,105025,97207,+8.04%,12.1sqmi 31.3km2,"8,592/sqmi 3,317/km2","https://en.wikipedia.org/wiki/San_Mateo_County,_California","San Mateo County ( SAN mə-TAY-oh), officially the County of San Mateo, is a county located in  the U.S. state of California."
295,Green Bay,Wisconsin,104879,104057,+0.79%,45.4sqmi 117.6km2,"2,316/sqmi 894/km2",https://en.wikipedia.org/wiki/Green_Bay_Packers,"The Green Bay Packers are a professional American football team based in Green Bay, Wisconsin."
296,Wichita Falls,Texas,104576,104553,+0.02%,72.2sqmi 187.0km2,"1,450/sqmi 560/km2","https://en.wikipedia.org/wiki/Wichita_Falls,_Texas","Wichita Falls ( WITCH-i-taw) is a city in and the county seat of Wichita County, Texas, United States."
299,Burbank,California,103695,103340,+0.34%,17.4sqmi 45.1km2,"6,003/sqmi 2,318/km2","https://en.wikipedia.org/wiki/Burbank,_California","Burbank is a city in Los Angeles County in the Los Angeles metropolitan area of Southern California, United States, 12 miles (19 km) northwest of downtown Los Angeles."
300,Rialto,California,103440,99171,+4.30%,22.3sqmi 57.8km2,"4,633/sqmi 1,789/km2",https://en.wikipedia.org/wiki/Rialto,"The Rialto is a central area of Venice, Italy, in the sestiere of San Polo."
302,El Cajon,California,103241,99478,+3.78%,14.5sqmi 37.6km2,"7,156/sqmi 2,763/km2","https://en.wikipedia.org/wiki/El_Cajon,_California","El Cajon (; Spanish: [elkaˈxon]) is a city in San Diego County, California, United States, 17 mi (27 km) east of Downtown San Diego."
303,Las Cruces,New Mexico,102926,97618,+5.44%,76.9sqmi 199.2km2,"1,323/sqmi 511/km2","https://en.wikipedia.org/wiki/Las_Cruces,_New_Mexico","Las Cruces is the seat of Doña Ana County, New Mexico, United States."
304,Renton,Washington,102153,90927,+12.35%,23.4sqmi 60.6km2,"4,314/sqmi 1,666/km2","https://en.wikipedia.org/wiki/Renton,_Washington","Renton is a city in King County, Washington, and an inner-ring suburb of Seattle."
306,South Bend,Indiana,101860,101168,+0.68%,41.4sqmi 107.2km2,"2,457/sqmi 949/km2","https://en.wikipedia.org/wiki/South_Bend,_Indiana",South Bend is a city in and the county seat of St.
308,Tuscaloosa,Alabama,101113,90468,+11.77%,71.7sqmi 185.7km2,"1,399/sqmi 540/km2","https://en.wikipedia.org/wiki/Tuscaloosa,_Alabama",Tuscaloosa ( TUS-kə-LOO-sə) is a city in and the seat of Tuscaloosa County in west central Alabama (in the southeastern United States).
309,Clinton,Michigan,100800,96796,+4.14%,28.1sqmi 72.8km2,"3,573/sqmi 1,380/km2",https://en.wikipedia.org/wiki/Clinton,"Clinton is an English noble surname, indicating one's ancestors came from English places called Glympton or Glinton."
312,San Angelo,Texas,100215,93200,+7.53%,59.9sqmi 155.1km2,"1,681/sqmi 649/km2","https://en.wikipedia.org/wiki/San_Angelo,_Texas","San Angelo  is a city in and the county seat of Tom Green County, Texas, United States."
313,Kenosha,Wisconsin,100164,99218,+0.95%,28.0sqmi 72.5km2,"3,577/sqmi 1,381/km2","https://en.wikipedia.org/wiki/Kenosha,_Wisconsin","Kenosha  is a city in and the county seat of Kenosha County, Wisconsin, United States."
314,Vacaville,California,100154,92428,+8.36%,29.0sqmi 75.1km2,"3,449/sqmi 1,332/km2","https://en.wikipedia.org/wiki/Vacaville,_California",Vacaville is a city located in Solano County in Northern California.
